{
    "menus": {
        "id": "MenuFesta",
        "name": "Menu festa",
        "description": "Drinks",
        "categories": [
            {
                "name": "Drinks",
                "description": "Drinks",
                "products": ["Cola"]
            }
        ]
    },
    "products": [
                    {
                        "id": "Cola",
                        "name": "Cola",
                        "price": 1.5,
                        "photo": "path/to/photo.jpg",
                        "description": "Refreshing cola drink",
                        "active": "Refreshing cola drink",
                        "ingredients": [
                            "Water",
                            "Sugar",
                            "Carbon Dioxide"
                        ]
                    }
                ],
    "activeMenu": "MenuFesta",
    "location": {
        "latitude": 40.7128,
        "longitude": -74.0060
    }
}